[
  {
    "id": 1,
    "typeRoom": "junior suite",
    "bookedFrom": ["2020-12-01","2020-12-12","2020-11-16","2020-11-25" ],
    "bookedTo": ["2020-12-07","2020-12-16","2020-11-20","2020-12-02" ]
  },
  {
    "id": 2,
    "typeRoom": "junior suite",
    "bookedFrom": ["2020-12-01","2020-12-12","2020-11-16","2020-11-21" ],
    "bookedTo": ["2020-12-07","2020-12-13","2020-11-20","2020-11-28" ]
  },
  {
    "id": 3,
    "typeRoom": "junior suite",
    "bookedFrom": ["2020-12-01","2020-12-13","2020-11-22" ],
    "bookedTo": ["2020-12-07","2020-12-20T15","2020-11-24"]
  },
  {
    "id": 4,
    "typeRoom": "Vital room",
    "bookedFrom": ["2020-11-25","2020-12-25","2020-11-22","2020-11-18" ],
    "bookedTo": ["2020-12-01","2020-12-31","2020-11-23","2020-11-24" ]
  },
  {
    "id": 5,
    "typeRoom": "Vital room",
    "bookedFrom": ["2020-11-25","2020-12-13","2020-11-20"],
    "bookedTo": ["2020-12-01","2020-12-14","2020-11-22"]
  },
  {
    "id": 6,
    "typeRoom": "vitality room deluxe",
    "bookedFrom": ["2020-12-15","2020-12-10","2020-11-12","2020-11-12" ],
    "bookedTo": ["2020-12-17","2020-12-05","2020-11-12","2020-11-12" ]
  },
  {
    "id": 7,
    "typeRoom": "vitality room deluxe",
    "bookedFrom": ["2020-12-13","2020-12-10","2020-11-15","2020-11-31" ],
    "bookedTo": ["2020-12-18","2020-12-12","2020-11-17","2020-12-02" ]
  }
]